id,账号,姓名,性别,电话号码,密码,邮箱,用户级别
1,wywy,冯飞扬,男,13011116230,a123456,kuparine@att.net,VIP
2,Kaile,金宏硕,男,13012723164,linkedin,teverett@verizon.net,VIP
3,peter,钱音华,女,13041069984,ashley1,heckerman@gmail.com,普通用户
4,volans,傅嘉玉,女,13067089458,marina,skippy@optonline.net,VIP
5,old_fox,史力夫,男,13086627535,superman,nelson@att.net,普通用户
6,rainbow,许巧春,女,13095428150,sunshine1,smartfart@yahoo.ca,普通用户
7,wzhengrong,于嘉许,男,13099416679,1qaz2wsx,agolomsh@optonline.net,普通用户
8,jansenzhu,袁曼语,女,13108480008,passw0rd,carcus@live.com,普通用户
9,cloudy,傅阳成,男,13110648948,asdf,monopole@verizon.net,VIP
10,water,阎立轩,男,13123982065,princess1,brbarret@hotmail.com,普通用户
11,xiucai,余雅昶,男,13125390383,121212,sherzodr@sbcglobal.net,VIP
12,shaohua,丁俊侠,男,13128701081,sunshine,sfoskett@outlook.com,VIP
13,wangang,谭宏扬,男,13131920246,654321,drjlaw@msn.com,VIP
14,yehao,于吉敏,女,13140400483,killer,stomv@live.com,普通用户
15,river99,范同和,男,13149913443,1234567890,brainless@sbcglobal.net,普通用户
16,zhy,贾奇致,男,13152112424,112233,kingjoshi@msn.com,VIP
17,chill,崔雅逸,男,13187777930,azerty,pspoole@att.net,VIP
18,cadcjl,白烨伟,男,13195324879,password,thomasj@yahoo.ca,普通用户
19,Lancelot,宋英发,男,13195392673,shadow,jkegl@msn.com,VIP
20,fstao,范天睿,男,13205680974,123456789,yenya@verizon.net,普通用户
21,jing,宋天翰,男,13219873161,monkey1,jfinke@outlook.com,普通用户
22,LaoZheng,孔文轩,男,13229991118,123456,jmorris@comcast.net,VIP
23,barton,陈嘉实,男,13237159535,1g2w3e4r,ajlitt@comcast.net,普通用户
24,JamesChen,戴英豪,男,13260007096,michael1,balchen@msn.com,VIP
25,sworder,林翰墨,男,13260902860,FQRG7CS493,gfody@yahoo.ca,普通用户
26,caili,秦阳飇,男,13261593855,zag12wsx,munjal@hotmail.com,普通用户
27,hmaik,彭盼丹,女,13263896324,soccer,drewf@comcast.net,普通用户
28,bruin,孔子薇,女,13271511857,superman1,curly@sbcglobal.net,VIP
29,vc1999,乔韶容,女,13286650357,jordan,jimxugle@live.com,普通用户
30,larry,邵霞文,女,13309862246,hello,paina@icloud.com,VIP
31,manager,熊景福,男,13347600108,abcd1234,ebassi@gmail.com,普通用户
32,woody,段冰蝶,女,13386211955,bitch1,kobayasi@comcast.net,普通用户
33,amo,谭香露,女,13392325645,baseball,credmond@att.net,VIP
34,util,姚旭尧,男,13407920464,7777777,jaxweb@mac.com,VIP
35,Lamb,毛水香,女,13428369197,justin,rogerspl@optonline.net,普通用户
36,lcx119,孙志强,男,13429656595,,zeller@icloud.com,普通用户
37,Cindy,郝文昌,男,13432385743,qwe123,mastinfo@yahoo.com,普通用户
38,gaven_yeung,毛昱瑛,女,13433594066,summer,shang@comcast.net,普通用户
39,bamyl,毛向萍,女,13436570925,asshole1,matsn@optonline.net,VIP
40,hexi,龙刚豪,男,13470002720,myspace1,brainless@verizon.net,普通用户
41,hephaestus,漕志国,男,13475129857,tinkle,cumarana@mac.com,VIP
42,new_power,赵梓涵,女,13488151772,1111,hling@outlook.com,VIP
43,jackaly,秦弘阔,男,13501039264,fuckyou1,brainless@me.com,普通用户
44,Alan,蔡安康,男,13505372684,1234,techie@sbcglobal.net,普通用户
45,SiMAN,郑秋芳,女,13510246672,baseball1,milton@outlook.com,VIP
46,oldidler,江飞羽,男,13521494814,babygirl1,raines@msn.com,VIP
47,bison,魏敏学,男,13525204024,987654321,daveed@att.net,VIP
48,Barkley,孔恬萍,女,13552922334,qwer1234,mthurn@msn.com,普通用户
49,webptg,吕瑞锦,女,13565877413,131313,jespley@me.com,VIP
50,jase,白莉娜,女,13584892354,amanda,singh@hotmail.com,普通用户
51,terrisa,姚清昶,女,13585924571,charlie,wagnerch@att.net,普通用户
52,czhp,万华奥,男,13600074749,5201314,stewwy@yahoo.com,VIP
53,kujile,郑和宜,男,13601151633,11111111,simone@optonline.net,VIP
54,nj75,段华皓,男,13605183920,999999,kudra@hotmail.com,VIP
55,leslieshen,胡荣轩,男,13605670449,1234qwer,benanov@optonline.net,普通用户
56,wuhc99,曹承载,男,13608715265,a12345,netsfr@verizon.net,VIP
57,llbllb,马含烟,女,13613002260,123456789,jginspace@yahoo.com,VIP
58,hubdog,董梦洁,女,13627749900,welcome,jhardin@optonline.net,普通用户
59,fifi,邓盼波,女,13628470609,987654321,oneiros@att.net,普通用户
60,caocao,叶顾萌,女,13630043504,apple,murdocj@msn.com,VIP
61,sevecol,阎尔珍,女,13651950572,jennifer,breegster@outlook.com,VIP
62,bruce,汪怀柔,女,13661526932,0,amcuri@icloud.com,VIP
63,xxc2000,夏晔晔,女,13682595059,iloveyou2,schwaang@me.com,普通用户
64,jamstang,林乐贤,男,13682639664,11111,johndo@yahoo.ca,VIP
65,netswordsman,孙梨落,女,13697039588,xbox360,mosses@att.net,普通用户
66,zava,刘奇志,男,13710202748,monkey,boomzilla@live.com,普通用户
67,Elkel,崔曾琪,男,13710214359,asdfgh,rsteiner@hotmail.com,VIP
68,richard,魏子墨,男,13724478021,blink182,dobey@verizon.net,VIP
69,cb,傅志芳,女,13751367709,password12,kingjoshi@comcast.net,普通用户
70,hjx,许怡丞,女,13781765106,fuckyou2,thomasj@icloud.com,普通用户
71,woodmouse,刘天亦,女,13804942049,qwerty12,afeldspar@comcast.net,VIP
72,wgsvc,戴乐湛,男,13810307784,789456,keiji@msn.com,普通用户
73,liaomy,孔文乐,男,13829798565,123qwe,skythe@mac.com,VIP
74,Energy,廖旦娅,女,13834508923,50cent,malattia@aol.com,VIP
75,Feb2_Bird,黎盼芙,女,13840943293,147258,kwilliams@sbcglobal.net,VIP
76,Eie,郭华晖,男,13841799632,1234567,smpeters@aol.com,VIP
77,free,孙正阳,男,13854759067,love,ubergeeb@aol.com,普通用户
78,cxfidc,吴力行,男,13901845032,555555,jsbach@outlook.com,VIP
79,myj,于暖梦,女,13902335923,0,fbriere@gmail.com,普通用户
80,Cant,潘涵育,男,13922324309,zxcvbnm,jgwang@yahoo.com,普通用户
81,neverlate,姚洛妃,女,13925498702,tigger,purvis@comcast.net,普通用户
82,main,董芊丽,女,13925942977,friends,aegreene@outlook.com,普通用户
83,netsky,郭茂实,男,13938143254,qwerty,johnbob@yahoo.ca,普通用户
84,xinyue,尹新晴,女,13956364191,matthew,hwestiii@me.com,普通用户
85,east,何如心,女,13971574519,chelsea,mgreen@optonline.net,普通用户
86,CSDN,熊光济,男,14715765181,1q2w3e4r,frosal@msn.com,普通用户
87,bearold,李成益,男,14725803696,qazwsx,temmink@yahoo.ca,VIP
88,talkme,杨清淑,女,14729856509,money1,codex@outlook.com,VIP
89,lyislm,沈丽文,女,15010746088,master,guialbu@msn.com,普通用户
90,coolman,史元明,男,15014408543,michael,mdielmann@aol.com,普通用户
91,tengel,赖靖巧,女,15018469091,102030,brickbat@aol.com,普通用户
92,yfyang,许胜花,女,15021908471,hunter,dodong@gmail.com,VIP
93,SoftDIY,侯恺乐,男,15078233864,1q2w3e,wonderkid@me.com,VIP
94,mikecool,常高妍,女,15079407347,myspace,noneme@hotmail.com,VIP
95,604sworder,张艾达,女,15093407913,buster,rgiersig@comcast.net,VIP
96,lighttop,张燕平,女,15124304756,hello1,dmiller@msn.com,VIP
97,PII,孔开济,男,15140129681,88888888,yzheng@hotmail.com,普通用户
98,rss,袁正平,男,15167940007,1q2w3e4r5t,choset@aol.com,普通用户
99,ameng,罗飞虎,男,15177296615,888888,dieman@comcast.net,VIP
100,chenlq,史敏才,男,15200153084,gwerty,mddallara@outlook.com,VIP
101,Liying,郭绣文,女,15204074525,angel1,claypool@icloud.com,VIP
102,cyf,叶白枫,女,15214774448,1,jbryan@sbcglobal.net,VIP
103,watercat,袁嘉宝,女,15216684038,hannah,dburrows@msn.com,普通用户
104,tinymouse,郝千青,女,15221379336,!,atmarks@icloud.com,VIP
105,sequoia,魏文墨,女,15224091845,696969,citadel@verizon.net,VIP
106,flying,秦贞芳,女,15225229414,michelle,jmcnamara@msn.com,VIP
107,newnew,周高翰,男,15225829651,fuckyou,ismail@comcast.net,普通用户
108,coder,卢永康,男,15233340083,159753,andrewik@me.com,VIP
109,fromeast,丁弘扬,男,15251055187,daniel,burns@sbcglobal.net,VIP
110,deng_lp,谭嘉祯,男,15255267777,dragon,elmer@verizon.net,普通用户
111,olo,萧坚诚,男,15321017325,qwerty1,dbrobins@icloud.com,普通用户
112,chenzhuangyuan,阎博明,男,15321116656,iloveyou,msloan@comcast.net,VIP
113,JinBo,赖振国,男,15325915338,123321,fluffy@yahoo.ca,普通用户
114,iamafraid,文靖柔,女,15329486400,123456q,tsuruta@yahoo.ca,VIP
115,cch,吴听寒,女,15330628640,147258369,jramio@verizon.net,VIP
116,Pizza,谭盈盈,女,15339999544,anthony,bryam@msn.com,VIP
117,ULF,朱微月,女,15361651656,asdf1234,wayward@gmail.com,普通用户
118,easy,余欣欣,女,15399936522,charlie1,lpalmer@msn.com,普通用户
119,zxjiang,文文敏,女,15514906957,maggie,drewf@comcast.net,VIP
120,jxl,田新知,男,15530942744,123654,rgiersig@att.net,VIP
121,CrazyDragon,廖修诚,男,15532433238,12345,retoh@outlook.com,VIP
122,huwolf,曾乐贤,男,15620287093,111111,jdray@live.com,普通用户
123,cocoa,傅代梅,女,15655079876,parola,mwitte@live.com,普通用户
124,menxin,田英勋,男,15656821642,jessica,jnolan@msn.com,VIP
125,Aquila,林鹏鲸,男,15664309217,123456a,larry@live.com,普通用户
126,lh,许明旭,男,15673218868,asd123,peterhoeg@sbcglobal.net,VIP
127,Landy,邱晗日,男,15685620522,football,parrt@aol.com,VIP
128,boyxiang,戴才俊,男,15767901882,12345a,feamster@mac.com,普通用户
129,ChK,马高原,男,15800230091,iloveyou1,purvis@me.com,VIP
130,Badwood,石娴雅,女,15800977630,babygirl,parents@msn.com,普通用户
131,Zboy,李和志,男,15805230091,333333,kuparine@yahoo.ca,VIP
132,why,毛清雅,女,15819580918,trustno1,ehood@aol.com,普通用户
133,WJS,宋晨旭,女,15822897850,12341234,manuals@aol.com,普通用户
134,Taylor,朱宛曼,女,15823368193,andrew,bowmanbs@gmail.com,普通用户
135,cqjiang,罗念柏,女,15826194432,101010,aprakash@sbcglobal.net,普通用户
136,Kanfu,石友儿,女,15850521756,thomas,jipsen@comcast.net,普通用户
137,litg1972,黄沈靖,女,15914096887,abc,kawasaki@optonline.net,普通用户
138,snow,胡善芳,女,15926203351,george,tjensen@aol.com,VIP
139,jinbuhuan,邹兴庆,男,15940518322,password1,kwilliams@live.com,普通用户
140,think,姜宏浚,男,15962253642,qwerty123,suresh@verizon.net,VIP
141,robin,乔晓亦,女,15965245790,qwert,leviathan@aol.com,普通用户
142,Bobo,袁乐心,男,15966758021,777777,evans@yahoo.com,普通用户
143,flywind,梁曼凝,女,15981589845,chocolate,joehall@aol.com,普通用户
144,Hosp,常顺慈,女,15988618753,10203,roesch@att.net,普通用户
145,mainroad,梁宇寰,男,15989754116,123123,jbearp@verizon.net,VIP
146,hh,周婷旭,女,15996418498,joshua,wetter@mac.com,VIP
147,feehoo,傅星宸,女,16619971165,gfhjkm,scitext@yahoo.com,普通用户
148,Hans,朱冰之,女,16621235414,k.:,treit@hotmail.com,普通用户
149,siclj,高宜人,男,17152339756,12345678,cremonini@sbcglobal.net,VIP
150,vccrack,顾醉蝶,女,17194121144,jesus1,qmacro@att.net,普通用户
151,10101973,范睿才,男,17198695932,football1,smpeters@hotmail.com,普通用户
152,feng,黎茵茵,女,17341050242,zxcvbn,esasaki@icloud.com,普通用户
153,Firing_Sky,赵泰宁,男,17357995498,love123,elmer@yahoo.com,普通用户
154,haidong,龙星火,男,17703719130,jordan23,natepuri@icloud.com,VIP
155,wangsf,赵慧琴,女,17710623231,nicole,subir@icloud.com,VIP
156,fbq,白哲圣,男,17727136624,12qwaszx,fallorn@mac.com,普通用户
157,HBZhang,许谷菱,女,17757731568,lovely,sinkou@aol.com,普通用户
158,Michael,汤景山,男,17801137498,abc123,inico@yahoo.com,VIP
159,kxy,叶新巧,女,17818561115,golfer,niknejad@optonline.net,VIP
160,lv,马柔淑,女,18001422889,987654,lukka@aol.com,普通用户
161,hexz,尹渲染,女,18060103200,666,mbrown@verizon.net,VIP
162,huzi,杜秀梅,女,18101690276,naruto,rfisher@att.net,VIP
163,ruirui,吕宜年,男,18124677077,asdfghjkl,multiplx@aol.com,普通用户
164,Ranma,蒋彭泽,男,18211569250,j38ifUbn,onestab@me.com,普通用户
165,dongdong,尹映颖,女,18247059369,159357,bastian@yahoo.ca,普通用户
166,Jerry,彭听寒,女,18258845511,anthony1,joglo@live.com,普通用户
167,wangdong,杨弘雅,女,18278358042,soccer1,chaffar@live.com,普通用户
168,lilin,乔博超,男,18301268041,aaaaaa,munson@verizon.net,普通用户
169,qiao,贺雨泽,男,18322358870,123abc,scottlee@gmail.com,普通用户
170,lover,于沛雯,女,18331709153,q1w2e3,bastian@aol.com,普通用户
171,leigong,刘晗日,男,18379433866,0,martink@optonline.net,普通用户
172,Crane,许燕岚,女,18434298371,freedom,emmanuel@yahoo.ca,VIP
173,xalion,邱馨兰,女,18506823822,liverpool,pkplex@yahoo.ca,普通用户
174,premier,方承基,男,18520466870,222222,tristan@att.net,普通用户
175,louis40,汪成益,男,18530698597,123,skythe@sbcglobal.net,普通用户
176,Beginer,范浩涆,男,18571586278,789456123,yumpy@gmail.com,普通用户
177,onion,袁鸿云,男,18610585509,qwertyuiop,mschilli@yahoo.ca,VIP
178,teapot,贺柔雅,女,18618241130,1111111111,william@att.net,VIP
179,lotte,贺奇伟,男,18620791038,target123,damian@hotmail.com,普通用户
180,softquery,赵阳荣,男,18652502229,princess,gospodin@verizon.net,普通用户
181,Jimy,冯靖琪,男,18680161890,123456789a,kenja@gmail.com,VIP
182,sunsun,石博容,男,18685068698,ashley,zilla@me.com,VIP
183,BlackSword,孙浩荡,男,18696117896,computer,aprakash@live.com,VIP
184,Demon,李梓珊,女,18737113982,qazwsxedc,bartak@aol.com,VIP
185,5201314,李含双,女,18747894028,basketball,rkobes@att.net,VIP
186,lifeng56,熊山雁,女,18801042024,number1,tellis@live.com,VIP
187,nick,阎新美,女,18860233030,password2,andrewik@msn.com,VIP
188,atu,漕映颖,女,18874906994,loveme,cameron@icloud.com,VIP
189,Aswind,赖锐利,男,18876240222,gwerty123,frikazoyd@gmail.com,VIP
190,Pront,汪鸿达,男,18888378052,123123123,ivoibs@me.com,VIP
191,WebBar,蒋海雪,女,18888928757,purple,esokullu@att.net,VIP
192,michaelyang,陆安安,女,18900302191,asdasd,weidai@gmail.com,VIP
193,leslie,贺艳蓉,女,18905426669,29rsavoy,pkilab@verizon.net,VIP
194,ming,张梦曼,女,18960875266,111222,ilikered@live.com,VIP
195,AlanChen,任岚风,女,18970875269,1111111,hedwig@verizon.net,VIP
196,lhxu,王志业,男,18988767966,666666,bonmots@live.com,VIP
197,rose,曹爱琴,女,19918390551,andrea,cremonini@hotmail.com,VIP
198,flyingboy,薛飞薇,女,19983207129,q1w2e3r4,ajohnson@live.com,VIP
199,2000y,邹学名,男,19985702365,samsung,jmmuller@yahoo.com,普通用户
